term,term_lemma,familiarity_score
AACR,aacr,3.0
ALA,ala,3.0
ARL,arl,3.0
ASIST,asist,3.0
Adjustable Classification,adjustable classification,4.5
Alexandrian Library,alexandrian library,1.0
Amano Keitaro,amano keitaro,3.0
American Library Association,american library association,1.5
American Library Association Code of Ethics,american library association code of ethic,1.8
American Society for Information Science and Technology,american society for information science and technology,1.25
Anglo-American Cataloguing Rules,anglo - american catalogue rule,2.5
Anomalous State of Knowledge,anomalous state of knowledge,2.111111111111111
Archival Law of Japan,archival law of japan,3.0
Ariyama Takashi,ariyama takashi,3.0
Aslib,aslib,3.0
Association for Documentation in Economics,association for documentation in economic,2.0
Association of Research Libraries,association of research library,1.75
BBS,bb,3.0
BC,bc,3.0
BDS,bds,3.0
BSH,bsh,3.0
Basic Plan for the Promotion of Reading Activities for Children,basic plan for the promotion of read activity for child,1.5
Basic Subject Headings,basic subject heading,1.5
Bibliographic Classification,bibliographic classification,4.0
Bodleian Library,bodleian library,1.0
Bookstart,bookstart,3.0
Boolean operation,boolean operation,3.0
Boston Public Library,boston public library,1.75
Bradford's law,bradford 's law,1.5
British Library,british library,1.0
Broad System of Ordering,broad system of order,1.875
Browne charging system,browne charge system,2.5
CC,cc,3.0
CD,cd,1.0
CD-ROM retrieval,cd - rom retrieval,1.0
CILIP,cilip,3.0
CLIR,clir,3.0
COM catalog,com catalog,3.0
Chinese book form,chinese book form,2.0
Chinese book printed in Japan,chinese book print in japan,2.0
Citizen's Library,citizen 's library,1.3333333333333333
Classification of Ssu-ku chu'on-shu,classification of ssu - ku chu'on - shu,2.5
Code of Ethics for Librarians,code of ethic for librarian,2.1
Colon Classification,colon classification,4.0
Cooperative Online Resource Catalog,cooperative online resource catalog,3.0
Copyright Law,copyright law,2.5
Council of Law Libraries,council of law librarie,2.0
Council on Library and Information Resources,council on library and information resource,1.75
Cranfield Experiments,cranfield experiment,3.5
Creative Commons,creative common,2.0
DAISY,daisy,3.0
DDC,ddc,3.0
DRM,drm,3.0
Daiso,daiso,3.0
Deutsche Bibliothek,deutsche bibliothek,3.0
Dewey Decimal Classification,dewey decimal classification,4.0
Digital Accessible Information SYstem,digital accessible information system,2.25
Digital Object Identifier,digital object identifier,3.25
Dublin Core,dublin core,4.0
EYE Mark,eye mark,1.5
Emperor's autography,emperor 's autography,2.0
Emperor's edition,emperor 's edition,2.3333333333333335
Evidence-Based Medicine,evidence - base medicine,1.8333333333333333
Examination of Applied Knowledge and Skills for Database Searching,examination of apply knowledge and skill for database search,2.0
Expansive Classification,expansive classification,4.0
Extensible Markup Language,extensible markup language,1.0
FID,fid,3.0
Farmington Plan,farmington plan,2.0
Festschrift,festschrift,3.0
Free Use Mark,free use mark,1.9444444444444446
Functional Requirements for Bibliographic Records,functional requirement for bibliographic record,2.75
General Information Programme,general information programme,2.0
Hadahachimangu-bunko,hadahachimangu - bunko,3.0
Hyper-Text Markup Language,hyper - text markup language,1.5
I & R service,I & r service,2.0
IBBY,ibby,3.0
IFLA,ifla,3.0
INFOSTA,infosta,3.0
IPC,ipc,3.0
ISBD,isbd,3.0
ISBD punctuation,isbd punctuation,2.0
ISBN,isbn,3.0
ISMN,ismn,3.0
ISRC,isrc,3.0
ISRN,isrn,3.0
ISSN,issn,3.0
ISSN Network,issn network,3.0
Imperial Library,imperial library,1.0
India paper,india paper,1.0
Information Processing Society of Japan,information process society of japan,1.875
Information Science and Technology Association,information science and technology association,1.2
International Board on Books for Young People,international board on book for young people,1.5714285714285714
International Federation of Library Associations and Institutions,international federation of library association and institution,1.8333333333333333
International Library of Children's Literature,international library of child 's literature,1.5
International Nuclear Information System,international nuclear information system,2.0
International Organization for Standardization Technical Committees 46,international organization for standardization technical committee 46,2.375
International Patent Classification,international patent classification,3.0
International Standard Bibliographic Description,international standard bibliographic description,2.5
International Standard Book Number,international standard book number,2.125
International Standard Music Number,international standard music number,1.875
International Standard Recording Code,international standard recording code,2.375
International Standard Serial Number,international standard serial number,2.625
International Standard Technical Report Number,international standard technical report number,2.6
Internet Engineering Task Force,internet engineering task force,2.6666666666666665
Isonokami Yakatsugu,isonokami yakatsugu,3.0
JADS,jad,3.0
JAPIO,japio,3.0
JBBY,jbby,3.0
JLA,jla,3.0
JNLA,jnla,3.0
JST,jst,3.0
Japan Academic Association for Copyright Clearance,japan academic association for copyright clearance,2.375
Japan Art Documentation Society,japan art documentation society,1.5
Japan Association for International Chemical Information,japan association for international chemical information,1.8
Japan Association of Agricultural Librarians and Documentalists,japan association of agricultural librarian and documentalist,2.0
Japan Association of Library and Information History,japan association of library and information history,1.1666666666666667
Japan Association of National University Libraries,japan association of national university librarie,1.75
Japan Association of Private University Libraries,japan association of private university librarie,1.75
Japan Book Publishers Association,japan book publisher association,2.3333333333333335
Japan Council for Promotion of Book Reading,japan council for promotion of book read,1.9166666666666667
Japan Indexers Association,japan indexers association,2.0
Japan Library Association,japan library association,1.5
Japan Medical Library Association,japan medical library association,1.6666666666666667
Japan Nursing Library Association,japan nursing library association,1.5
Japan Patent Information Organization,japan patent information organization,1.0
Japan Pharmaceutical Library Association,japan pharmaceutical library association,1.5
Japan Publishing Organization for Information Infrastructure Development,japan publish organization for information infrastructure development,1.875
Japan Reading Association,japan read association,1.5
Japan Reprographic Rights Center,japan reprographic right center,1.3333333333333333
Japan School Library Association,japan school library association,1.3333333333333333
Japan Society for Archival Science,japan society for archival science,2.625
Japan Society for Information and Media Studies,japan society for information and medium study,1.6666666666666667
Japan Society of Information and Knowledge,japan society of information and knowledge,1.4
Japan Society of Library and Information Science,japan society of library and information science,1.1666666666666667
Japan Society of Publishing Studies,japan society of publish study,1.625
Japan Society of School Library Science,japan society of school library science,1.2
Japan Special Libraries Association,japan special library association,1.3333333333333333
Japanese Board on Books for Young People,japanese board on book for young people,1.5
Japanese paper,japanese paper,1.0
KWIC index,kwic index,4.0
KWOC index,kwoc index,4.0
Kanazawa-bunko,kanazawa - bunko,3.0
Korean book,korean book,2.0
LCC,lcc,3.0
LCSH,lcsh,3.0
Law Concerning Access to Information Held by Administrative Organs,law concern access to information hold by administrative organ,2.2222222222222223
Law for the Promotion of Character and Type-Culture,law for the promotion of character and type - culture,1.5
Law on the Promotion of Reading Activities for Children,law on the promotion of read activity for child,1.4444444444444444
Library Bill of Rights,library bill of right,1.4583333333333333
Library Law,library law,1.5
Library Ordinance,library ordinance,1.0
Library Services and Technology Act,library service and technology act,1.7
Library Technical Services Study Group,library technical services study group,2.125
Library of Congress,library of congress,1.0
Library of Congress Classification,library of congress classification,2.0
Library of Congress Subject Headings,library of congress subject heading,1.0
Lotka's law,lotka 's law,1.5
MARC format,marc format,3.0
MARC record,marc record,2.5
Mamiya Fujio,mamiya fujio,3.0
Management of Public Libraries in Medium and Small Cities,management of public library in medium and small city,1.6666666666666667
MeSH,mesh,6.0
Medical Subject Headings,medical subject heading,1.5
Metadata Encoding and Transmission Standard,metadata encoding and transmission standard,2.8333333333333335
Metadata Object Description Schema,metadata object description schema,2.75
Ming edition,ming edition,3.0
Mission and Objectives of Public Library,mission and objective of public library,2.0
Mita Society for Library and Information Science,mita society for library and information science,1.25
Momijiyama-bunko,momijiyama - bunko,3.0
Mori Kiyoshi,mori kiyoshi,3.0
Museum Law,museum law,2.0
Music Library Association of Japan,music library association of japan,1.25
NCLIS,nclis,3.0
NCR,ncr,3.0
NDC,ndc,3.0
NDLC,ndlc,3.0
NDLSH,ndlsh,3.0
NII-NACSIS Test Collection for IR Systems,nii - nacsis test collection for ir system,1.75
NPAC,npac,3.0
Nakai Masakazu,nakai masakazu,3.0
National Agricultural Library,national agricultural library,2.0
National Commission on Libraries and Information Science,national commission on library and information science,1.8142857142857143
National Diet Library,national diet library,1.6666666666666667
National Diet Library Classification,national diet library classification,2.25
National Diet Library Law,national diet library law,1.75
National Diet Library Subject Headings,national diet library subject heading,1.5
National Information System for Science and Technology,national information system for science and technology,1.3571428571428572
National Institute of Informatics,national institute of informatic,2.3333333333333335
National Library of Medicine,national library of medicine,1.25
National Program for Acquisitions and Cataloging,national program for acquisition and catalog,2.125
New York Public Library,new york public library,1.5
Newark charging system,newark charge system,2.5
Nippon Association for Librarianship,nippon association for librarianship,1.75
Nippon Cataloging Rules,nippon catalog rule,2.5
Nippon Decimal Classification,nippon decimal classification,4.0
Open Archive Initiative Protocol for Metadata Harvesting,open archive initiative protocol for metadata harvesting,2.1666666666666665
Osaka Prefectural International Institute for Children's Literature,osaka prefectural international institute for child 's literature,2.0833333333333335
Paris Principles,paris principle,3.0
Periods for Integrated Study,period for integrated study,1.3333333333333333
Pinakes,pinake,3.0
Portable Document Format,portable document format,3.6666666666666665
Preserved Context Index System,preserve context index system,2.75
Private Finance Initiative,private finance initiative,3.1666666666666665
Promotion of Lifelong Learning Law,promotion of lifelong learning law,2.6
Public Libraries and Museums Act,public library and museum act,1.8
Public Library Manifesto,public library manifesto,1.75
Public University Library Association,public university library association,1.875
RLG,rlg,3.0
Records Management Society of Japan,records management society of japan,2.0
Research Library Group,research library group,2.0
Resource Description Framework,resource description framework,2.5
Rules of Reference Work,rule of reference work,2.125
Russian State Library,russian state library,2.166666666666667
SIST,sist,3.0
SNS,sns,3.0
Sano Tomosaburo,sano tomosaburo,3.0
Scholarly Publishing and Academic Resources Coalition,scholarly publishing and academic resource coalition,3.4
School Library Law,school library law,1.3333333333333333
School Library Manifesto,school library manifesto,1.0
Sho-oku,sho - oku,3.0
Social Education Law,social education law,1.6666666666666667
Society for Children's Libraries,society for child 's library,1.3
Society of Study on Academic Library Problems,society of study on academic library problem,1.5714285714285714
Sonkeikaku-bunko,sonkeikaku - bunko,3.0
Staatsbibliothek zu Berlin--Preu-ss ischer Kulturbesitz,staatsbibliothek zu berlin -- preu - ss ischer kulturbesitz,3.0
Standard Generalized Markup Language,standard generalize markup language,2.25
Standards for Information of Science and Technology,standard for information of science and technology,1.4285714285714286
Statement on Intellectual Freedom in Libraries,statement on intellectual freedom in library,2.0
Subject Classification,subject classification,2.5
Sung edition,sung edition,3.0
Systematic Indexing,systematic indexing,3.0
TEL,tel,3.0
Tanaka Fujimaro,tanaka fujimaro,3.0
Tanaka Inagi,tanaka inagi,3.0
Text REtrieval Conference,text retrieval conference,3.0
The Association for Information Management,the association for information management,1.7
The European Library,the european library,1.0
The UK Office for Library and Information Networking,the uk office for library and information network,1.3571428571428572
Ts'ai Lun,ts'ai lun,3.0
UBC,ubc,3.0
UDC,udc,3.0
UKOLN,ukoln,3.0
Universal Bibliographic Control,universal bibliographic control,3.25
Universal Decimal Classification,universal decimal classification,4.0
Universal Resource Identifier,universal resource identifier,3.5
University Establishment Standards,university establishment standard,2.8333333333333335
University of Library and Information Science,university of library and information science,1.1666666666666667
Virtual International Authority File,virtual international authority file,2.625
WIPO,wipo,3.0
Wada Mankichi,wada mankichi,3.0
Western Library Network,western library network,2.6666666666666665
Western journal,western journal,3.5
Western magazine,western magazine,2.5
Wikipedia,wikipedia,3.0
World Intellectual Property Organization,world intellectual property organization,2.6666666666666665
World Wide Web,world wide web,1.6666666666666667
World Wide Web Consortium,world wide web consortium,1.6666666666666667
Yuan edition,yuan edition,3.0
Yuasa Kichiro,yuasa kichiro,3.0
Zipf's law,zipf 's law,1.5
abbreviated entry,abbreviate entry,3.0
aboutness,aboutness,3.0
abridged edition,abridge edition,3.0
absorption,absorption,3.0
abstract,abstract,3.0
abstract journal,abstract journal,3.0
academic library,academic library,2.0
access point,access point,2.5
accessibility,accessibility,5.0
accession by incorporating,accession by incorporate,1.0
accession by purchase,accession by purchase,2.5
accession order number,accession order number,1.25
accession work,accession work,1.0
accessions register,accession register,3.0
acidic paper,acidic paper,3.0
acquisition policy,acquisition policy,3.5
acquisition service,acquisition service,3.5
adaptation,adaptation,3.0
added copy,add copy,1.25
added entry,add entry,2.0
added title page,add title page,1.3333333333333333
adding,add,1.0
additional edition statement,additional edition statement,2.3333333333333335
administrative code,administrative code,2.5
administrative document,administrative document,3.5
admission card,admission card,2.0
admission fee,admission fee,2.5
adult education,adult education,2.0
adult service,adult service,2.5
agent,agent,2.0
alcove arrangement of shelves,alcove arrangement of shelf,1.6666666666666667
alkaline paper,alkaline paper,1.0
almanac,almanac,3.0
alphabetico-subject index,alphabetico - subject index,2.5
alternative heading system,alternative heading system,2.5
alternative title,alternative title,2.5
amount of information,amount of information,1.6666666666666667
analytical bibliography,analytical bibliography,3.0
analytico-synthetic classification,analytico - synthetic classification,4.5
analytics,analytic,3.0
annotated bibliography,annotate bibliography,3.0
annotation,annotation,3.0
annual,annual,3.0
anonymous,anonymous,4.0
anonymous classic,anonymous classic,3.5
anthology,anthology,6.0
antiquarian book,antiquarian book,2.0
antiquarian bookshop,antiquarian bookshop,2.0
apocryphal work,apocryphal work,1.0
approval plan,approval plan,2.5
apron theater,apron theater,1.0
archival material,archival material,4.0
archival studies,archival study,3.75
archives,archive,3.0
archivist,archivist,3.0
area,area,2.0
arrangement,arrangement,3.0
arrangement of the shelves,arrangement of the shelf,1.5
array,array,3.0
art museum,art museum,1.5
article,article,1.0
artificial characteristic,artificial characteristic,2.75
artificial intelligence,artificial intelligence,2.0
aspect classification,aspect classification,3.5
assigned indexing,assign indexing,3.0
assigned reading book,assign reading book,2.0
association copy,association copy,1.75
association library,association library,1.5
associative relationship,associative relationship,3.0
audio material,audio material,2.0
audiovisual library,audiovisual library,1.0
audiovisual material,audiovisual material,2.0
audiovisual service,audiovisual service,3.0
author,author,2.0
author abstract,author abstract,2.5
author bibliography,author bibliography,2.0
author catalog,author catalog,2.0
author heading,author head,1.75
author index,author index,3.0
author mark,author mark,2.0
author mark list,author mark list,2.1666666666666665
author's edition,author 's edition,2.0
author's moral right,author 's moral right,1.9583333333333333
author-title catalog,author - title catalog,2.0
author-title index,author - title index,2.6666666666666665
authority control,authority control,2.75
authority file,authority file,2.75
authority record,authority record,2.75
automated storage,automate storage,4.5
automatic abstracting,automatic abstracting,3.5
automatic classification,automatic classification,3.75
automatic indexing,automatic indexing,3.5
auxiliary schedule,auxiliary schedule,3.0
auxiliary table,auxiliary table,2.0
availability,availability,4.0
avant-titre,avant - titre,3.0
back issue,back issue,2.375
back matter,back matter,1.625
back number,back number,1.375
back of the book index,back of the book index,1.95
banned book,ban book,3.0
bargain book,bargain book,2.5
basic bibliographic unit,basic bibliographic unit,2.0
basis of description,basis of description,2.0
best book,good book,2.25
bias phase,bias phase,5.0
bibliographer,bibliographer,3.0
bibliographic control,bibliographic control,2.5
bibliographic coupling,bibliographic coupling,3.0
bibliographic data,bibliographic datum,3.0
bibliographic element,bibliographic element,3.0
bibliographic hierarchy,bibliographic hierarchy,3.0
bibliographic history of item,bibliographic history of item,1.0
bibliographic information,bibliographic information,1.0
bibliographic information interchange format,bibliographic information interchange format,2.0
bibliographic instruction,bibliographic instruction,3.0
bibliographic level,bibliographic level,3.0
bibliographic record,bibliographic record,2.5
bibliographic relationship,bibliographic relationship,3.0
bibliographic service,bibliographic service,3.0
bibliographic unit,bibliographic unit,2.0
bibliographic utility,bibliographic utility,5.0
bibliographical classification,bibliographical classification,4.0
bibliographical item of description,bibliographical item of description,1.3333333333333333
bibliography,bibliography,3.0
bibliography of bibliographies,bibliography of bibliography,1.0
bibliometrics,bibliometric,3.0
bibliotherapy,bibliotherapy,3.0
binder's title,binder 's title,1.5
binding,bind,4.0
biobibliography,biobibliography,3.0
biographical dictionary,biographical dictionary,1.0
black letter material,black letter material,1.3333333333333333
blanket order,blanket order,1.75
block accession,block accession,2.0
block book,block book,2.0
blog,blog,3.0
board of trustees,board of trustee,1.5
body of book,body of book,1.3333333333333333
book,book,2.0
book burning,book burn,2.25
book card,book card,1.5
book club,book club,1.5
book collection,book collection,1.5
book detection system,book detection system,2.0
book form,book form,2.0
book fund,book fund,2.5
book having another title,book have another title,1.625
book label,book label,3.0
book mobile,book mobile,1.75
book number,book number,1.5
book parcel for the mentally or physically handicapped,book parcel for the mentally or physically handicap,2.1875
book pocket,book pocket,1.5
book printed by large-sized type,book print by large - sized type,1.7
book printed in Buddhist temple,book print in buddhist temple,1.75
book reading service,book read service,2.0
book report,book report,2.25
book review,book review,2.25
book science,book science,1.5
book size,book size,1.5
book stack,book stack,3.0
book truck,book truck,1.5
book week,book week,1.5
bookcase,bookcase,2.0
booklet,booklet,4.0
bookplate,bookplate,3.0
bookrest,bookrest,3.0
books-by-mail service,book - by - mail service,2.0
bookshelf,bookshelf,2.0
bookshop,bookshop,2.0
bookstore,bookstore,1.0
booktalk,booktalk,3.0
bookworm,bookworm,3.0
bound with,bind with,2.5
braille library,braille library,1.0
braille material,braille material,2.0
branch,branch,2.5
branch library,branch library,1.75
brief cataloging,brief catalog,4.666666666666667
brittleness,brittleness,3.0
broad classification,broad classification,3.5
broken order,break order,1.5
browsing,browse,4.0
browsing collection,browse collection,2.5
browsing room,browse room,3.0
bulk lending,bulk lending,5.0
bulletin board system,bulletin board system,2.3333333333333335
bunko,bunko,3.0
bunko service,bunko service,3.0
busy book,busy book,1.5
butterfly binding,butterfly bind,2.5
call number,call number,1.25
call slip,call slip,2.25
canonical class,canonical class,3.0
capitalization,capitalization,3.0
caption title,caption title,3.0
card catalog,card catalog,1.0
card charging system,card charge system,2.0
carrel,carrel,3.0
carrier form,carrier form,3.5
case binding,case bind,2.5
catalog,catalog,3.0
catalog card,catalog card,1.0
catalog entry,catalog entry,3.0
cataloging code,catalog code,1.0
cataloging in publication,catalog in publication,2.75
cataloging rules,catalog rule,2.5
catchword index,catchword index,4.0
cathedoral library,cathedoral library,1.0
censorship,censorship,3.0
central library,central library,2.0
centralization of library,centralization of library,1.0
centralized cataloging,centralize cataloging,3.0
centralized processing,centralize processing,3.0
certification of librarian,certification of librarian,2.6666666666666665
certified librarian,certify librarian,3.5
certified library assistant,certify library assistant,2.5
chain,chain,2.0
chain index,chain index,3.0
chained book,chain book,2.0
change of name,change of name,1.3333333333333333
change of title,change of title,1.3333333333333333
changing custody,change custody,1.0
character set,character set,1.25
characteristic of division,characteristic of division,2.8333333333333335
charging system,charge system,2.5
chart,chart,3.5
chemical structure search,chemical structure search,2.3333333333333335
chief source of information,chief source of information,1.875
children's book,child 's book,1.3333333333333333
children's center library,child 's center library,1.0
children's librarian,child 's librarian,1.6666666666666667
children's library,child 's library,1.0
children's service,child 's service,1.6666666666666667
chronological designation,chronological designation,4.5
chronological order,chronological order,3.0
chronological order number,chronological order number,2.3333333333333335
chronological table,chronological table,2.75
church library,church library,1.0
circulating library,circulate library,3.0
circulation,circulation,5.0
circulation control system,circulation control system,3.1666666666666665
circulation per capita,circulation per capita,4.0
circulation per registration,circulation per registration,3.6666666666666665
circulation system,circulation system,3.5
circulation transaction,circulation transaction,5.0
circulation work,circulation work,3.0
citation,citation,5.0
citation analysis,citation analysis,4.0
citation index,citation index,4.5
citation order,citation order,3.25
clandestine literature,clandestine literature,3.0
class,class,3.0
class mark,class mark,2.5
class number,class number,2.0
class number heading,class number head,1.8333333333333333
classed catalog,class catalog,3.0
classic,classic,3.0
classification,classification,4.0
classification by attraction,classification by attraction,2.6666666666666665
classification code,classification code,2.5
classification scheme,classification scheme,4.0
classified catalog,classify catalog,3.0
classified encyclopedia,classify encyclopedia,3.0
classified index,classify index,3.5
classified list of subject headings,classify list of subject heading,1.875
classified order,classified order,1.5
classroom library,classroom library,1.0
classroom visit,classroom visit,1.0
clay tablet,clay tablet,3.0
clean proof,clean proof,2.0
clearinghouse,clearinghouse,3.0
clipping file,clip file,2.75
close classification,close classification,2.5
closed entry,close entry,2.0
closed stack system,close stack system,2.3333333333333335
cloth binding,cloth bind,2.5
co-citation,co - citation,5.0
code of ethics,code of ethic,2.0
codex,codex,3.0
collating,collate,3.0
collation,collation,3.0
collection,collection,1.0
collection development,collection development,2.0
collection evaluation,collection evaluation,2.5
collection for loan to groups,collection for loan to group,1.9
collection management,collection management,2.0
collective bibliographic unit,collective bibliographic unit,2.0
collective bibliography,collective bibliography,3.0
collective entry,collective entry,3.0
collective title,collective title,2.0
collective treatise,collective treatise,3.0
college library,college library,1.0
collocation,collocation,4.0
collotype,collotype,3.0
colophon,colophon,3.0
column,column,2.0
comics material,comic_strip material,2.0
comment,comment,3.5
common auxiliary,common auxiliary,2.5
common facet,common facet,2.0
common lending,common lending,2.0
common library admission,common library admission,2.0
common subdivision,common subdivision,3.0
common title,common title,2.0
communication,communication,2.0
community bunko,community bunko,4.0
community center,community center,4.0
community center library,community center library,2.5
community service,community service,3.5
compact disc,compact disc,3.0
compact shelving,compact shelving,3.0
comparison phase,comparison phase,4.0
compilation,compilation,3.0
complete book,complete book,2.25
complete set,complete set,2.0
complete works,complete work,1.75
complex facility,complex facility,3.0
complex subject,complex subject,2.0
component part,component part,3.5
component part bibliographic unit,component part bibliographic unit,3.0
composite catalog,composite catalog,3.0
composition,composition,3.0
compound subject,compound subject,2.0
compound subject heading,compound subject head,1.8333333333333333
computer output microform catalog,computer output microform catalog,2.5
concept analysis,concept analysis,3.0
concise entries,concise entry,3.0
concordance,concordance,3.0
conference material,conference material,3.0
congressional papers,congressional paper,1.0
connotation,connotation,6.0
consecutive numbering,consecutive numbering,3.0
conservation,conservation,3.0
conservator,conservator,3.0
conspectus,conspectus,3.0
content,content,3.5
content designator,content designator,3.5
contents list bulletin,content list bulletin,3.0
contents note,content note,2.25
contents service,content service,3.25
continuation,continuation,3.0
continuing education,continue education,2.0
continuing resources,continue resource,2.5
controlled access,control access,3.0
controlled vocabulary,control vocabulary,2.25
conventional name,conventional name,3.0
cooperative acquisition,cooperative acquisition,4.0
cooperative collection development,cooperative collection development,2.6666666666666665
cooperative delivery vehicle,cooperative delivery vehicle,3.3333333333333335
cooperative lending,cooperative lending,4.0
cooperative online serials,cooperative online serial,3.3333333333333335
cooperative reference service,cooperative reference service,3.6666666666666665
cooperative storage,cooperative storage,3.5
coordinated acquisition,coordinate acquisition,4.0
copy,copy,1.5
copy cataloging,copy catalog,1.5
copy service,copy service,2.25
copy-text,copy - text,1.75
copyleft,copyleft,3.0
copyright,copyright,3.0
copyright clearance center,copyright clearance center,3.0
copyright date,copyright date,2.5
copyright library,copyright library,2.0
core collection,core collection,2.5
core journal,core journal,3.5
corporate author,corporate author,3.0
corporate name heading,corporate name head,2.5
corpus,corpus,6.0
correction,correction,3.0
corrigenda,corrigenda,3.0
cost per circulation,cost per circulation,3.3333333333333335
coterie magazine,coterie magazine,1.0
counter work,counter work,2.25
course for certified librarian,course for certify librarian,2.375
course-integrated bibliographic instruction,course - integrate bibliographic instruction,2.6666666666666665
course-related bibliographic instruction,course - relate bibliographic instruction,2.3333333333333335
cover title,cover title,1.75
critical abstract,critical abstract,3.0
cross classification,cross classification,3.0
cross database retrieval,cross database retrieval,3.0
cross reference,cross reference,3.0
cumulative index,cumulative index,4.0
current awareness service,current awareness service,3.0
current bibliography,current bibliography,3.0
currentness of library collection,currentness of library collection,1.0
custody of the collection,custody of the collection,1.0
cyberspace,cyberspace,4.0
cyclopedia,cyclopedia,3.0
damaged book,damage book,2.5
data,datum,3.0
data element,datum element,3.0
data mining,datum mining,3.0
data model,datum model,2.6666666666666665
database,database,4.0
database distributor,database distributor,4.0
database producer,database producer,3.5
database service,database service,3.5
database vendor,database vendor,4.0
date due slip,date due slip,2.0
date of manufacture,date of manufacture,2.3333333333333335
date of publication,date of publication,2.3333333333333335
deacidification,deacidification,3.0
decentralization of library,decentralization of library,1.0
decimal classification,decimal classification,4.0
decimal notation,decimal notation,3.0
dedication,dedication,4.0
deep web,deep web,2.5
definitive edition,definitive edition,3.0
degree of updating library collection,degree of update library collection,1.7
delivery station,delivery station,2.0
demand theory,demand theory,3.0
denotation,denotation,6.0
dependent title,dependent title,3.0
deposit,deposit,3.5
deposited material,deposit material,2.75
depository library,depository library,1.0
depth of indexing,depth of indexing,2.0
derived indexing,derive indexing,3.0
description,description,2.0
description independent system,description independent system,2.3333333333333335
descriptive bibliography,descriptive bibliography,4.0
descriptive cataloging,descriptive cataloging,4.0
descriptive unit system,descriptive unit system,2.6666666666666665
descriptor,descriptor,3.0
designated administrator system,designate administrator system,2.0
designation of function,designation of function,1.75
details of contents,detail of content,2.1666666666666665
deterioration,deterioration,3.0
dichotomy,dichotomy,3.0
dictionary,dictionary,1.0
dictionary catalog,dictionary catalog,1.0
different edition,different edition,2.0
digital archiving,digital archiving,3.0
digital divide,digital divide,2.75
digital reference service,digital reference service,3.3333333333333335
digital rights management,digital right management,2.444444444444444
diorama,diorama,3.0
direct observation method,direct observation method,2.5
directory,directory,3.0
discard,discard,5.0
disclosure of official information,disclosure of official information,1.6666666666666667
discography,discography,3.0
discontinuance of publication,discontinuance of publication,2.5
discriminative book,discriminative book,2.0
discriminativeness,discriminativeness,3.0
dissertation,dissertation,3.0
distance learning,distance learning,3.5
distributed relatives,distribute relative,3.0
distributor,distributor,4.0
divided catalog,divide catalog,2.5
divided entry for multivolume item,divide entry for multivolume item,2.0
division,division,4.0
document,document,3.0
document delivery service,document delivery service,3.0
documentation,documentation,3.0
double leaf,double leaf,2.166666666666667
double-faced book stack,double - face book stack,2.7083333333333335
double-faced shelving,double - face shelving,2.416666666666667
drop,drop,1.5
drop-out,drop - out,1.25
duplicate check,duplicate check,2.75
dyslexia,dyslexia,3.0
e-learning,e - learn,1.0
e-print archive,e - print archive,2.5
early printed book,early print book,2.0
early-childhood services,early - childhood service,2.1666666666666665
editing,edit,4.0
edition,edition,3.0
edition area,edition area,2.5
edition binding,edition bind,3.5
edition designator,edition designator,3.0
edition statement,edition statement,2.5
electronic book,electronic book,2.5
electronic journal,electronic journal,3.0
electronic library,electronic library,2.0
electronic newspaper,electronic newspaper,2.0
electronic paper,electronic paper,2.0
electronic publishing,electronic publishing,3.0
electronic resources,electronic resource,3.0
email,email,2.0
email magazine,email magazine,1.5
encyclopedia,encyclopedia,3.0
end-user searching,end - user search,2.6666666666666665
entropy,entropy,3.0
entry vocabulary,entry vocabulary,2.5
enumerative classification,enumerative classification,4.0
epigraph,epigraph,3.0
equivalence relationship,equivalence relationship,3.0
errata,errata,3.0
establishment rate of library,establishment rate of library,2.0
evaluation of library service,evaluation of library service,2.25
evil book,evil book,3.0
evolutionary order,evolutionary order,1.5
ex libris,ex libris,3.0
exact match,exact match,3.25
exchange of library materials,exchange of library material,1.625
exhaustivity,exhaustivity,3.0
exhibition,exhibition,2.0
expert system,expert system,2.5
explanatory note,explanatory note,3.0
explanatory reference,explanatory reference,4.5
explicit demand,explicit demand,3.0
expressiveness,expressiveness,3.0
expurgated edition,expurgate edition,3.0
extension,extension,4.0
extension service,extension service,3.5
extract,extract,4.0
facet,facet,3.0
facet analysis,facet analysis,3.0
facet formula,facet formula,3.0
facet indicator,facet indicator,3.0
faceted classification,faceted classification,4.0
faceted notation,faceted notation,3.0
facility similar to library,facility similar to library,1.75
facsimile edition,facsimile edition,4.5
fair use,fair use,1.75
fake,fake,3.0
false drop,false drop,1.25
false imprint,false imprint,1.0
favored focus,favor focus,2.5
fee-based service,fee - base service,2.5
fence notation,fence notation,2.0
fictitious imprint,fictitious imprint,3.0
field,field,1.0
field length,field length,2.0
field separator,field separator,1.0
field terminator,field terminator,1.0
figures in text,figure in text,1.8333333333333333
filing,file,2.5
filing code,file code,1.75
filing element,file element,2.75
filing material,file material,2.25
filing order,filing order,1.5
filing rules,filing rule,2.5
filing system,filing system,2.0
filmography,filmography,3.0
finding list,find list,1.75
first edition,first edition,2.0
first impression,first impression,2.0
first issue,first issue,2.0
first printing,first print,1.75
first-line index,first - line index,2.5
fixed length field,fix length field,2.1666666666666665
fixed length record,fix length record,2.6666666666666665
fixed location,fix location,2.75
flat back,flat back,2.208333333333333
flexible back,flexible back,2.875
flexible notation,flexible notation,4.0
floor work,floor work,1.0
focus,focus,2.5
folded book,fold book,2.5
folded book for calligraphy,fold book for calligraphy,2.1666666666666665
folder,folder,2.0
folio,folio,3.0
foreign journal,foreign journal,2.0
foreign language dictionary,foreign language dictionary,1.0
foreign magazine,foreign magazine,1.0
forgery,forgery,3.0
form,form,2.0
form heading,form head,1.75
form subdivision,form subdivision,3.0
formal communication,formal communication,2.5
formal note,formal note,2.0
format,format,3.0
fragment,fragment,3.0
fragmented approach to subjects,fragment approach to subject,2.125
free access system,free access system,2.611111111111111
free paper,free paper,1.6666666666666667
freedom of expression,freedom of expression,1.6666666666666667
freedom to read,freedom to read,1.3333333333333333
frequency,frequency,3.0
frequency of library use,frequency of library use,1.625
frequency of serials,frequency of serial,2.6666666666666665
friends of the library,friend of the library,1.0
front matter,front matter,1.5
frontispiece,frontispiece,3.0
full name,full name,1.5
full-text retrieval,full - text retrieval,1.5
fulltime teacher-librarian system,fulltime teacher - librarian system,2.0
fundamental category,fundamental category,3.5
fundamental equation of information science,fundamental equation of information science,2.2
fuzzy model,fuzzy model,2.6666666666666665
fuzzy retrieval,fuzzy retrieval,3.0
gatekeeper,gatekeeper,3.0
gateway,gateway,4.0
gathering,gather,2.0
gazette,gazette,3.0
gazetteer,gazetteer,3.0
genealogy,genealogy,3.0
general classification,general classification,3.5
general collection,general collection,2.0
general index,general index,3.5
general library,general library,2.0
general reference,general reference,3.5
generalia class,generalia class,3.0
genus,genus,3.0
genus-species relationship,genus - specie relationship,3.0
geographic subdivision,geographic subdivision,4.0
geographical dictionary,geographical dictionary,2.0
gift,gift,1.0
globe,globe,2.0
glossary,glossary,3.0
government information,government information,1.5
government printing,government printing,2.0
government publication,government publication,3.0
gramophone record,gramophone record,2.5
granularity,granularity,3.0
graphic material,graphic material,2.5
gray literature,gray literature,3.0
guide magazine,guide magazine,2.0
guidebook,guidebook,2.0
guides to the literature,guide to the literature,2.0
half title,half title,2.0
halftone,halftone,3.0
hand sewing,hand sewing,1.5
handbook,handbook,3.0
handmade binding,handmade bind,4.0
handmade paper,handmade paper,1.0
hardback,hardback,3.0
hardbound,hardbound,3.0
hardcover,hardcover,3.0
hardcover binding,hardcover binding,3.0
harmful book,harmful book,2.0
heading,head,1.5
hidden web,hide web,1.5
hierarchical bibliographic level,hierarchical bibliographic level,3.0
hierarchical classification,hierarchical classification,4.0
hierarchical notation,hierarchical notation,3.0
hierarchical relationship,hierarchical relationship,3.0
hierarchy,hierarchy,3.0
holding check,hold check,1.5
holdings,holding,3.0
holdings record,holding record,2.5
holiday opening,holiday opening,2.0
hollow back,hollow back,2.875
home bunko,home bunko,1.5
home delivery service,home delivery service,2.5
homemade reference tool,homemade reference tool,2.5
hospital library,hospital library,1.0
hospitality,hospitality,4.0
hours of opening,hour of open,1.0
house organ,house organ,3.0
hyper-text,hyper - text,2.0
hypermedia,hypermedia,3.0
hypertext,hypertext,3.0
identifier,identifi,3.0
illegal publication,illegal publication,3.0
illustrated book,illustrate book,3.0
illustration in text,illustration in text,2.5
image material,image material,2.0
immediacy index,immediacy index,4.0
impact factor,impact factor,3.0
imposture,imposture,3.0
in-library use,in - library use,1.3333333333333333
in-library use only,in - library use only,1.25
in-service training,in - service training,2.1666666666666665
incunabula,incunabula,3.0
index,index,4.0
index journal,index journal,3.5
index vocabulary,index vocabulary,3.0
indexing,indexing,3.0
indexing language,indexing language,1.0
indexing robot,indexing robot,3.0
indexing system,indexing system,2.0
indexing term,indexing term,3.0
indicative abstract,indicative abstract,3.0
indicator,indicator,3.0
individual bibliography,individual bibliography,3.5
influence phase,influence phase,4.0
informal communication,informal communication,3.0
information,information,1.0
information and communications technology education,information and communication technology education,1.4
information and referral service,information and referral service,1.6666666666666667
information broker,information broker,1.0
information center,information center,1.0
information disclosure,information disclosure,1.0
information ethics,information ethic,2.5
information file,information file,1.75
information filtering,information filter,2.0
information law,information law,1.5
information literacy,information literacy,1.0
information management,information management,2.0
information media,information medium,2.0
information needs,information need,1.6666666666666667
information on forthcoming publications,information on forthcoming publication,2.625
information on recent publications,information on recent publication,2.125
information policy,information policy,2.0
information profession,information profession,2.0
information requirement,information requirement,2.0
information resources,information resource,2.0
information retrieval,information retrieval,1.0
information retrieval system,information retrieval system,1.5
information science,information science,1.0
information service,information service,2.0
information society,information society,1.5
information space,information space,1.5
information study,information study,1.25
information system,information system,1.5
information technology education,information technology education,1.3333333333333333
information theory,information theory,2.0
information visualization,information visualization,1.0
information-seeking behavior,information - seek behavior,1.5
informative abstract,informative abstract,3.0
informetrics,informetric,3.0
inner form,inner form,2.0
instance relation,instance relation,3.0
institution library,institution library,2.5
institutional repository,institutional repository,3.0
instruction support service,instruction support service,2.8333333333333335
intaglio printing,intaglio print,2.5
integrating resources,integrate resource,3.5
integrity of numbers,integrity of number,1.0
intellectual freedom of libraries,intellectual freedom of library,2.0
intellectual property,intellectual property,3.5
intension,intension,3.0
intercalation,intercalation,3.0
interfiling,interfile,3.0
interlibrary access,interlibrary access,3.5
interlibrary cooperation,interlibrary cooperation,4.0
interlibrary loan,interlibrary loan,4.0
intermediary,intermediary,6.0
international exchange of document,international exchange of document,2.125
inventory,inventory,3.0
inverted Baconian order,invert baconian order,1.5
inverted file,invert file,2.5
inverted heading,invert heading,3.0
invisible college,invisible college,2.5
invisible web,invisible web,3.0
irregular gathering,irregular gathering,3.0
isolate,isolate,5.0
isolate focus,isolate focus,3.75
issue,issue,3.0
item,item,1.0
job binding,job binding,1.0
joint publication,joint publication,3.75
journal,journal,3.0
junior college library,junior college library,1.3333333333333333
kansei information,kansei information,1.0
key-title,key - title,1.5
keyword,keyword,3.0
keyword-in-context index,keyword - in - context index,2.5
keyword-out-of-context index,keyword - out - of - context index,2.0
knowledge,knowledge,2.0
knowledge classification,knowledge classification,3.0
knowledge management,knowledge management,2.5
known-item search,know - item search,1.5
kyoikukai library,kyoikukai library,1.0
language subdivision,language subdivision,2.5
large-paper copy,large - paper copy,1.1666666666666667
large-paper edition,large - paper edition,1.6666666666666667
lead-in vocabulary,lead - in vocabulary,2.0555555555555554
leaf,leaf,1.0
leaflet,leaflet,4.0
learning resources center,learn resource center,2.0
leather binding,leather binding,2.0
ledger system,ledger system,2.0
legal deposit,legal deposit,3.25
legal deposit library,legal deposit library,2.5
legislative reference service,legislative reference service,3.6666666666666665
lending,lend,2.0
lending by mail,lend by mail,1.6666666666666667
lending collection,lend collection,1.5
lending library,lending library,1.0
lengthy articles dealing with broad topics,lengthy article deal with broad topic,2.0833333333333335
letter-by-letter arrangement,letter - by - letter arrangement,1.5
letters journal,letter journal,2.0
level,level,3.0
level of description,level of description,2.0
librarian,librarian,3.0
librarianship,librarianship,3.0
library,library,1.0
library and information science,library and information science,1.0
library and information science education,library and information science education,1.2
library assembly program,library assembly program,2.5
library associates,library associate,2.0
library association,library association,1.5
library automation,library automation,1.0
library binding,library bind,2.5
library board,library board,1.5
library building,library building,1.0
library by-law,library by - law,1.3333333333333333
library catalog,library catalog,1.0
library classification,library classification,2.5
library clerical staff,library clerical staff,2.3333333333333335
library committee,library committee,1.5
library consortium,library consortium,1.0
library cooperation,library cooperation,2.5
library council,library council,2.0
library director,library director,1.5
library edition,library edition,2.0
library evaluation,library evaluation,2.5
library facility,library facility,2.0
library furniture,library furniture,1.5
library history,library history,1.0
library holdings,library holding,1.0
library hours related to class work,library hour relate to class work,1.6666666666666667
library management,library management,2.0
library material,library material,1.5
library material budget,library material budget,2.0
library movement,library movement,2.0
library network,library network,2.0
library orientation,library orientation,1.0
library pass,library pass,1.5
library policy,library policy,2.0
library program,library program,1.0
library regulations,library regulation,2.0
library school,library school,1.0
library science,library science,1.0
library security,library security,2.0
library service,library service,2.0
library service for hospital patients,library service for hospital patient,1.8
library service for the aged,library service for the aged,1.7
library service for the aurally impaired,library service for the aurally impair,1.9
library service for the handicapped,library service for the handicapped,1.7
library service for the physically handicapped,library service for the physically handicap,2.0833333333333335
library service for the reading impairment,library service for the reading impairment,1.5
library service for the visually impaired,library service for the visually impair,2.0833333333333335
library service for whole community,library service for whole community,2.4
library staff,library staff,1.5
library statistics,library statistic,1.0
library supplies,library supply,2.25
library survey,library survey,1.0
library system,library system,1.5
library tour,library tour,1.75
library use assistance,library use assistance,1.8333333333333333
library use education,library use education,1.5
library use orientation,library use orientation,1.25
library user conference,library user conference,3.0
library visits per capita,library visit per capita,1.6666666666666667
library volunteer,library volunteer,2.25
library's holdings,library 's holding,1.0
lifelong learning,lifelong learning,3.5
ligature,ligature,3.0
limited edition,limit edition,3.0
link,link,3.0
link operator,link operator,3.5
list of subject headings,list of subject heading,1.5
list-checking method,list - check method,2.0
literacy program,literacy program,3.0
literary warrant,literary warrant,3.0
literature,literature,3.0
literature search,literature search,2.75
lithography,lithography,3.0
loan,loan,4.0
loan to classrooms,loan to classroom,2.0
loan to groups,loan to group,2.3333333333333335
loan to individuals,loan to individual,2.8333333333333335
loan to institutions,loan to institution,3.0
local access,local access,2.75
local assembly library,local assembly library,2.3333333333333335
local collection,local collection,1.5
local material,local material,2.0
local publication,local publication,3.0
local update,local update,2.75
location,location,3.0
location mark,location mark,2.5
location search,location search,2.75
location symbol,location symbol,2.5
longer entry type,long entry type,2.1666666666666665
loose leaves material,loose leave material,2.0
loose-leaf catalog,loose - leaf catalog,1.5
machine readable cataloging,machine readable catalog,3.0
macrothesaurus,macrothesaurus,3.0
made up copy,make up copy,1.8333333333333333
magazine,magazine,1.0
magnifiable reading machine,magnifiable reading machine,1.0
mailinglist,mailinglist,3.0
main class,main class,3.0
main entry,main entry,3.0
main entry heading,main entry head,2.5
main entry system,main entry system,2.6666666666666665
main heading,main heading,3.0
main library,main library,2.0
main schedule,main schedule,3.0
main table,main table,2.0
mandatory library service,mandatory library service,2.0
manual search,manual search,3.25
manufacturer,manufacturer,4.0
manuscript,manuscript,3.0
map,map,1.0
markup language,markup language,1.0
material designation,material designation,2.0
material or type of publication specific details area,material or type of publication specific detail area,2.0
matrix,matrix,3.0
mechanics' library,mechanic ' library,2.0
media,medium,3.0
media conversion,medium conversion,3.5
media literacy,medium literacy,3.0
media program,medium program,3.0
media specialist,medium specialist,3.0
medical informatics,medical informatic,2.0
mediology,mediology,3.0
memoir,memoir,3.0
merger,merger,5.0
metadata,metadata,3.0
microform,microform,3.0
microform reader,microform reader,1.0
microthesaurus,microthesaurus,3.0
migration,migration,4.0
mimeograph,mimeograph,3.0
miss gathering,miss gathering,1.0
missing issue,miss issue,2.0
missing material,miss material,1.5
mixed notation,mixed notation,3.0
mixed responsibility,mixed responsibility,3.0
mnemonic notation,mnemonic notation,3.0
mobile library,mobile library,1.25
model,model,2.6666666666666665
modular planning,modular planning,4.0
monograph,monograph,3.0
monographic bibliographic unit,monographic bibliographic unit,2.0
monographic item,monographic item,1.0
monographic series,monographic series,3.0
mook,mook,3.0
morning reading activities,morning reading activity,1.0
morphemic analysis,morphemic analysis,3.0
mother tongue dictionary,mother tongue dictionary,1.6666666666666667
motion picture,motion picture,3.25
movable location,movable location,3.0
multi-cultural service,multi - cultural service,3.0
multi-tier stack,multi - tier stack,4.0
multilevel description,multilevel description,2.0
multilingual thesaurus,multilingual thesaurus,3.0
multimedia,multimedia,3.0
multipart item,multipart item,1.0
multiple data-base retrieval,multiple data - base retrieval,3.5
multiple entry indexing system,multiple entry indexing system,3.0
multivolume item,multivolume item,1.0
museum,museum,2.0
museum material,museum material,2.0
museum of art,museum of art,1.3333333333333333
musical material,musical material,2.5
name authority file,name authority file,2.5
name catalog,name catalog,2.0
name list,name list,2.25
national bibliography,national bibliography,2.0
national bibliography number,national bibliography number,1.5
national law on information disclosure,national law on information disclosure,1.625
national library,national library,1.5
national library law,national library law,1.6666666666666667
national planning of library,national planning of library,2.0
natural characteristic,natural characteristic,2.75
neiboring right,neibore right,1.3333333333333333
network of library service,network of library service,2.0
networked information resources,networked information resource,2.0
new acquisition,new acquisition,2.5
new arrival announcement,new arrival announcement,2.3333333333333335
new impression,new impression,2.0
newsletter,newsletter,3.0
newspaper,newspaper,1.0
night opening,night open,1.0
noise,noise,1.0
non-book material,non - book material,2.0
non-filing element,non - filing element,3.0
non-preferred term,non - preferred term,3.0
non-resident user,non - resident user,3.75
non-returnable purchase,non - returnable purchase,4.0
normalization,normalization,3.0
notation,notation,3.0
note,note,1.0
note area,note area,1.5
notebook charging system,notebook charge system,2.0
notice,notice,2.5
novelty ratio,novelty ratio,4.0
number,number,1.0
number of impressions,number of impression,1.6666666666666667
number of volumes,number of volume,1.6666666666666667
objective knowledge,objective knowledge,2.75
official library bulletin,official library bulletin,2.3333333333333335
official publication,official publication,3.5
official report,official report,2.75
offprint,offprint,3.0
offset,offset,3.0
old manuscript,old manuscript,1.0
old manuscript sutra,old manuscript sutra,1.0
on-demand publishing,on - demand publishing,2.25
online bookstore,online bookstore,1.5
online catalog,online catalog,2.0
online public access catalog,online public access catalog,2.6666666666666665
online retrieval,online retrieval,2.0
ontology,ontology,3.0
open access,open access,2.25
open access system,open access system,2.1666666666666665
open entry,open entry,2.0
open stack system,open stack system,2.3333333333333335
open to the public,open to the public,1.375
opening of information,opening of information,1.6666666666666667
operator,operator,4.0
optical disc,optical disc,3.0
order,order,1.5
organ,organ,3.0
original cataloging,original cataloging,3.0
original edition,original edition,3.0
original text,original text,2.5
original title,original title,2.5
other title information,other title information,1.5
out of print,out of print,1.5
outer title,outer title,2.5
outreach,outreach,3.0
outsourcing,outsourcing,3.0
overdue,overdue,3.0
overdue notice,overdue notice,2.5
overnight loan,overnight loan,3.5
oversize book,oversize book,3.0
ownership stamp,ownership stamp,3.0
page,page,1.0
pages missing,page miss,1.0
pagination,pagination,3.0
paging,page,1.0
paleography,paleography,3.0
palimpsest,palimpsest,3.0
pamphlet,pamphlet,3.0
panel theater,panel theater,4.0
paper,paper,1.0
paperback,paperback,3.0
paperback binding,paperback bind,4.0
papyrus,papyrus,3.0
parallel title,parallel title,2.0
parchment,parchment,3.0
parish library,parish library,1.0
parliamentary library,parliamentary library,1.0
parliamentary papers,parliamentary paper,1.0
partial open access system,partial open access system,2.375
partial title,partial title,2.5
patent classification,patent classification,4.0
patent material,patent material,2.0
patent search,patent search,2.5
patients' library,patient ' library,1.75
pen name,pen name,1.5
performance measurement,performance measurement,2.5
period subdivision,period subdivision,2.5
periodical,periodical,3.0
periodical index,periodical index,4.0
permanent loan,permanent loan,3.5
permanent paper,permanent paper,2.0
personal author,personal author,1.5
personal bibliography,personal bibliography,1.0
personal name heading,personal name head,1.5
personal name index,personal name index,2.3333333333333335
personnel directory,personnel directory,4.0
phase relation,phase relation,4.0
phased preservation,phase preservation,4.0
phonetic order,phonetic order,1.5
photogravure,photogravure,3.0
phototypesetting,phototypesette,3.0
physical description area,physical description area,2.0
physical unit of description,physical unit of description,1.75
pictorial book,pictorial book,2.0
pictorial map,pictorial map,1.0
picture book,picture book,2.25
picture drawing of book report,picture drawing of book report,2.0
picture roll,picture roll,2.75
picture-story board,picture - story board,1.8333333333333333
pirated edition,pirate edition,3.5
place name index,place name index,2.6666666666666665
place of manufacture,place of manufacture,2.3333333333333335
place of publication,place of publication,2.3333333333333335
place of unique definition,place of unique definition,2.25
planographic printing,planographic printing,3.0
planography,planography,3.0
plate,plate,2.0
pocket edition,pocket edition,2.0
polyglot,polyglot,3.0
polyhierarchical relationship,polyhierarchical relationship,3.0
popular library,popular library,1.5
population of library community,population of library community,2.0
post-coordinate indexing,post - coordinate indexing,1.5
posting,post,1.5
potential user,potential user,3.75
pre-coordinate indexing,pre - coordinate indexing,3.0
precision,precision,5.0
preface,preface,3.0
prefectural library,prefectural library,1.0
preferred term,prefer term,2.5
preliminary edition,preliminary edition,3.5
preliminary matter,preliminary matter,2.75
preparation,preparation,3.0
preprint,preprint,3.0
presearch interview,presearch interview,2.0
preservation,preservation,3.0
primary access,primary access,3.75
primary bibliography,primary bibliography,4.0
primary journal,primary journal,3.5
primary source,primary source,3.0
printed book,print book,2.25
printed card,print card,1.75
printed catalog,print catalog,2.5
printed sutra,print sutra,2.5
printer's device,printer 's device,2.0
printing,print,2.5
printing from movable type,print from movable type,1.8333333333333333
prison library,prison library,2.0
private collection,private collection,1.5
private library,private library,1.5
private press edition,private press edition,2.6666666666666665
proceedings,proceeding,3.0
professionalism,professionalism,5.0
professionalism of certified librarian,professionalism of certify librarian,3.25
promotion of book reading,promotion of book read,1.75
proof-sheets,proof - sheet,3.0
proofs,proof,3.0
proper area for library service,proper area for library service,1.9
proportional rate of collection,proportional rate of collection,2.75
protection of privacy,protection of privacy,2.3333333333333335
provision of library material,provision of library material,2.0
pseudonym,pseudonym,3.0
public catalog,public catalog,2.5
public hall,public hall,1.75
public hall library,public hall library,1.5
public information act,public information act,2.0
public lending right,public lending right,1.9166666666666665
public library,public library,1.75
public library law,public library law,1.8333333333333333
public library service to business,public library service to business,1.7
public relations,public relation,2.75
public relations magazine,public relation magazine,2.1666666666666665
public service,public service,2.75
public sphere,public sphere,2.75
publication,publication,4.0
publication by subscription,publication by subscription,2.5
publicity work,publicity work,2.5
publisher,publisher,3.0
publishing,publish,2.0
publishing studies,publish study,1.75
pure notation,pure notation,3.0
query,query,4.5
question answering system,question answer system,1.8333333333333333
quick reference question,quick reference question,2.8333333333333335
quire,quire,3.0
radiating arrangement,radiate arrangement,3.5
radiating stacks,radiate stack,4.0
ranked output,rank output,3.5
rare book,rare book,2.5
rate of collection growth,rate of collection growth,2.0
re-classification,re - classification,4.0
reader,reader,1.0
reader service,reader service,2.0
readers' advisory service,reader ' advisory service,3.0
reading aloud,read aloud,2.0
reading circle,read circle,1.5
reading club,read club,1.0
reading guidance,read guidance,2.0
reading guide,read guide,2.0
reading movement,read movement,2.0
reading room,read room,1.5
reading service for the blind,read service for the blind,1.9
ready reference question,ready reference question,2.5
recall ratio,recall ratio,4.0
recension,recension,3.0
recommended book,recommend book,2.5
record,record,2.5
record directory,record directory,2.5
record length,record length,2.75
record mark,record mark,2.25
record terminator,record terminator,2.5
recording service,recording service,3.0
records management,record management,2.75
recurrent education,recurrent education,2.0
recycled paper,recycle paper,1.5
reduced-size edition,reduce - size edition,2.3333333333333335
referee system,referee system,2.5
reference,reference,4.0
reference book,reference book,3.0
reference collection,reference collection,2.5
reference database,reference database,4.0
reference interview,reference interview,3.0
reference library,reference library,2.5
reference material,reference material,3.0
reference process,reference process,3.75
reference question,reference question,3.25
reference service,reference service,3.5
reference source,reference source,3.0
reference tool,reference tool,2.5
reference transaction slip,reference transaction slip,3.5
reference work,reference work,2.5
referral service,referral service,3.0
regional plan,regional plan,2.5
registered borrower,register borrower,3.0
registration number,registration number,2.0
registration rate,registration rate,3.0
regulation for library use,regulation for library use,1.75
reimpression,reimpression,3.0
reissue,reissue,6.0
related term,relate term,3.0
related work,relate work,2.0
relational data model,relational datum model,2.6666666666666665
relational indicator,relational indicator,3.0
relational operator,relational operator,4.0
relative index,relative index,3.5
relative location,relative location,3.0
relevance,relevance,3.0
relevance feedback,relevance feedback,4.0
relief printing,relief printing,4.0
remote access,remote access,2.75
remote storage,remote storage,2.5
renewal,renewal,3.0
rental collection,rental collection,2.5
rental library,rental library,2.5
renting,rent,2.0
repository,repository,3.0
repository library,repository library,1.0
reprint,reprint,4.0
reproduction,reproduction,3.0
reproduction proof,reproduction proof,3.0
republication,republication,3.0
resale price maintenance system,resale price maintenance system,2.5
research collection,research collection,2.0
research library,research library,2.0
research paper,research paper,2.0
research question,research question,2.75
research report,research report,2.75
reservation service,reservation service,3.0
reserve book,reserve book,2.5
reserve book system,reserve book system,2.3333333333333335
resource sharing,resource sharing,3.0
responsibility,responsibility,3.0
restoration,restoration,5.0
restricted circulation,restrict circulation,4.0
retrieval,retrieval,3.0
retrieval language,retrieval language,1.0
retrieval process,retrieval process,3.5
retroactive notation,retroactive notation,3.0
retrospective bibliography,retrospective bibliography,6.0
retrospective conversion,retrospective conversion,5.0
retrospective retrieval,retrospective retrieval,6.0
retrospective search,retrospective search,4.25
return,return,2.0
review journal,review journal,2.75
revised edition,revise edition,3.0
revision,revision,3.0
right book,right book,1.6666666666666665
right of access,right of access,1.9444444444444444
right of interactive transmission,right of interactive transmission,2.583333333333333
right of lending,right of lend,1.4444444444444444
right of making transmittable to the public by wire or wireless means,right of make transmittable to the public by wire or wireless mean,1.7166666666666663
right of reproduction,right of reproduction,1.1666666666666665
right of transmission,right of transmission,2.111111111111111
right to know,right to know,1.111111111111111
right to learn,right to learn,1.111111111111111
role,role,1.0
role indicator,role indicator,1.0
role operator,role operator,2.5
roll,roll,3.0
rotated index,rotate index,4.5
round,round,3.2
round back,round back,2.475
routing,route,4.0
running title,run title,1.5
safe-guarded open access system,safe - guard open access system,2.3
sale on consignment,sale on consignment,2.8333333333333335
scholarly book,scholarly book,4.0
scholarly information,scholarly information,3.5
scholarly journal,scholarly journal,4.5
school district library,school district library,1.6666666666666667
school librarian,school librarian,2.0
school library,school library,1.0
school media center,school medium center,2.0
science information system,science information system,1.3333333333333333
scientific book,scientific book,2.0
scientific information,scientific information,1.5
scientific journal,scientific journal,2.5
score,score,3.0
script,script,2.0
scroll,scroll,6.0
seal,seal,4.0
search,search,2.5
search aids,search aid,2.75
search engine,search engine,2.75
search formula,search formula,2.75
search log,search log,2.75
search performance,search performance,2.25
search procedure,search procedure,3.25
search question,search question,2.5
search request,search request,2.5
search strategy,search strategy,2.25
search term,search term,2.75
second-hand book,second - hand book,1.8333333333333333
secondary access,secondary access,3.75
secondary bibliography,secondary bibliography,4.0
secondary journal,secondary journal,3.5
secondary source,secondary source,3.0
secret stamp,secret stamp,2.75
section,section,1.0
section of work,section of work,1.0
section title,section title,1.5
see also cross reference,see also cross reference,2.0
see also reference,see also reference,2.0
see cross reference,see cross reference,2.3333333333333335
see reference,see reference,2.5
selected works,select work,2.25
selection,selection,3.0
selection committee,selection committee,2.5
selection criteria,selection criterion,3.0
selection on approval,selection on approval,2.5
selective bibliography,selective bibliography,3.0
selective dissemination of information,selective dissemination of information,2.6666666666666665
self censorship,self censorship,1.0
semantic web,semantic web,2.0
semi-enumerative classification,semi - enumerative classification,4.0
sensitivity information,sensitivity information,1.0
separate,separate,3.0
sequel,sequel,5.0
sequential location,sequential location,3.0
serendipity,serendipity,3.0
serial,serial,4.0
serial catalog,serial catalog,4.0
series,series,3.0
series area,series area,2.5
series number,series number,2.0
series title,series title,2.5
service index,service index,3.5
service planning,service planning,3.5
service point,service point,2.25
set publication,set publication,2.75
sewing,sew,2.0
shared cataloging,share catalog,1.5
shared responsibility,share responsibility,2.25
shared storage,share storage,2.25
sheaf binding,sheaf bind,5.0
sheaf catalog,sheaf catalog,6.0
sheet,sheet,3.0
shelf arrangement,shelf arrangement,2.0
shelf arrangement in the order of accession number,shelf arrangement in the order of accession number,1.4285714285714286
shelf classification,shelf classification,2.5
shelf guide,shelf guide,2.0
shelf label,shelf label,2.5
shelf management,shelf management,2.0
shelf reading,shelf read,1.0
shelflist,shelflist,3.0
shelving,shelve,3.0
shelving by accession number,shelve by accession number,1.0
shelving by material form,shelve by material form,1.6666666666666667
short course for certified librarian,short course for certify librarian,2.1
shorter entry type,short entry type,2.0
sign,sign,2.0
sign system,sign system,2.0
signature,signature,3.0
silk manuscript,silk manuscript,3.0
similar book,similar book,2.0
simple subject,simple subject,1.5
simplified cataloging,simplify catalog,3.0
single entry indexing system,single entry indexing system,2.5
single entry system,single entry system,2.5
single-faced book stack,single - face book stack,2.5
single-faced shelving,single - face shelving,2.0
single-tier stack,single - tier stack,3.25
site license,site license,1.0
situation-gap-use model,situation - gap - use model,2.2916666666666665
size,size,1.0
social library,social library,1.0
social networking service,social networking service,2.0
source of information,source of information,1.3333333333333333
special auxiliary,special auxiliary,2.0
special classification,special classification,2.5
special collection,special collection,1.0
special issue,special issue,2.0
special library,special library,1.0
special number,special number,1.0
special subdivision,special subdivision,2.5
species,specie,3.0
specific material designation,specific material designation,2.0
specificity,specificity,3.0
spine title,spine title,2.0
spine wrapped binding,spine wrap bind,3.5
split,split,3.0
spurious imprint,spurious imprint,6.0
square back,square back,1.875
square book,square book,2.0
stab stitching,stab stitching,4.0
stack,stack,4.0
stack capacity,stack capacity,3.5
stack management,stack management,3.5
stack room,stack room,3.0
staff list,staff list,2.25
staff manual,staff manual,3.0
standard book,standard book,2.75
standard citation order,standard citation order,3.3333333333333335
standard number and terms of availability area,standard number and term of availability area,2.2142857142857144
standards,standard,3.5
standards for college and university libraries,standard for college and university librarie,1.8
standards for libraries,standard for library,2.0
standards for public libraries,standard for public library,2.125
standards for school libraries,standard for school library,1.75
standing order,stand order,1.5
start of publication,start of publication,2.0
state,state,3.3333333333333335
statement of responsibility,statement of responsibility,2.0
statistics of library holdings,statistic of library holding,1.0
statistics of library visits,statistic of library visit,1.0
statute book,statute book,2.0
stop word,stop word,1.0
storage,storage,3.0
storage collection,storage collection,2.0
story hour,story hour,1.0
storytelling,storytelle,3.0
string index,string index,3.0
student library assistant,student library assistant,1.5
style of edition,style of edition,2.0
subdivision,subdivision,4.0
subdivision of individual languages,subdivision of individual language,2.375
subdivision of individual literatures,subdivision of individual literature,2.875
subfacet,subfacet,3.0
subfield,subfield,3.0
subfield code,subfield code,1.0
subheading,subheade,3.0
subject,subject,1.0
subject analysis,subject analysis,2.0
subject authority file,subject authority file,2.1666666666666665
subject bibliographer,subject bibliographer,1.0
subject bibliography,subject bibliography,1.0
subject catalog,subject catalog,1.0
subject cataloging,subject catalog,1.0
subject code,subject code,1.0
subject gateway,subject gateway,2.5
subject guides,subject guide,2.0
subject heading,subject heading,1.0
subject index,subject index,2.5
subject reading room,subject reading room,1.3333333333333333
subject retrieval,subject retrieval,1.0
subject title catalog,subject title catalog,1.5
subscription,subscription,3.0
subscription library,subscription library,1.0
subseries,subserie,3.0
subtitle,subtitle,4.0
summarization,summarization,3.0
supplement,supplement,4.0
supplied title,supply title,2.75
supplying,supply,3.5
supposed author,suppose author,2.5
survey of reading,survey of read,1.0
suspension of publication,suspension of publication,3.3333333333333335
symbol,symbol,2.0
syndetic structure,syndetic structure,2.0
synopsis,synopsis,5.0
synthesis,synthesis,6.0
table of contents,table of content,1.8333333333333333
tables of contents,table of content,1.8333333333333333
tabloid,tabloid,4.0
tabloid size,tabloid size,2.5
tacit knowledge,tacit knowledge,4.0
tactile picture book,tactile picture book,3.1666666666666665
tactual map,tactual map,1.0
tag,tag,4.0
talking book,talk book,2.0
tape recording service,tape recording service,2.8333333333333335
target group,target group,2.0
teacher librarian,teacher librarian,2.0
technical report,technical report,3.25
technical service,technical service,3.5
telephone reference service,telephone reference service,2.8333333333333335
term frequency-inverse document frequency,term frequency - inverse document frequency,3.0
terminology,terminology,3.0
terms of availability,term of availability,2.6666666666666665
tertiary source,tertiary source,2.0
text,text,2.0
text archive,text archive,2.0
textbook,textbook,2.0
textbook edition,textbook edition,2.5
textual bibliography,textual bibliography,3.0
the Chartered Institute of Library and Information Professionals,the chartered institute of library and information professional,1.7142857142857142
thesaurofacet,thesaurofacet,3.0
thesaurus,thesaurus,3.0
thesis,thesis,4.0
thin paper edition,thin paper edition,1.6666666666666667
thread stitch binding,thread stitch bind,4.0
thread stitch bound book,thread stitch bind book,3.5
thumb-book,thumb - book,2.5
tight back,tight back,2.125
title,title,2.0
title and statement of responsibility area,title and statement of responsibility area,1.8333333333333333
title catalog,title catalog,2.0
title fill rate,title fill rate,2.0
title heading,title head,1.75
title index,title index,3.0
title of journal,title of journal,2.0
title of magazine,title of magazine,1.3333333333333333
title of newspaper,title of newspaper,1.3333333333333333
title on the first page of text,title on the first page of text,1.3571428571428572
title page,title page,1.5
title page substitute,title page substitute,2.1666666666666665
title piece,title piece,1.5
title proper,title proper,2.0
tool phase,tool phase,3.0
topical subdivision,topical subdivision,4.0
tracing,trace,3.5
trade bibliography,trade bibliography,3.0
trade catalog,trade catalog,3.0
translation,translation,4.0
translation service,translation service,3.5
translation service into black letter,translation service into black letter,2.0
translation service into braille,translation service into braille,2.6666666666666665
transliteration,transliteration,3.0
traveling library,travel library,1.25
treatise,treatise,3.0
truncation,truncation,3.0
turnover rate,turnover rate,3.0
turnover rate of purchased books,turnover rate of purchase book,2.5
type page,type page,1.5
typeface,typeface,3.0
unabridged edition,unabridged edition,3.0
uncut,uncut,3.0
undergraduate library,undergraduate library,2.5
unexpressed demand,unexpressed demand,3.0
uniform heading,uniform head,1.75
uniform title,uniform title,2.0
union catalog,union catalog,3.0
uniquely defining class,uniquely define class,3.0
unit concept,unit concept,2.5
uniterm,uniterm,3.0
universal bibliography,universal bibliography,4.0
university library,university library,1.5
university press,university press,2.5
use analysis method,use analysis method,2.1666666666666665
use statistics,use statistic,1.5
use study,use study,1.5
user,user,4.0
user model,user model,3.333333333333333
user satisfaction,user satisfaction,3.5
user service,user service,3.5
user study,user study,2.75
user survey,user survey,2.5
valuable book,valuable book,2.5
value theory,value theory,3.0
variable length field,variable length field,2.0
variable length record,variable length record,2.75
variant,variant,3.0
variant name,variant name,2.0
variant title,variant title,2.0
variorum edition,variorum edition,3.0
vector space model,vector space model,2.333333333333333
vellum,vellum,3.0
verification,verification,3.0
vertical file,vertical file,3.75
videodisc,videodisc,3.0
videogram,videogram,3.0
viewpoint,viewpoint,3.0
visual material,visual material,2.5
volume,volume,3.0
volume number,volume number,2.0
volume signature,volume signature,3.0
volumes added per year,volume add per year,2.0
volumes purchased per year,volume purchase per year,2.75
wanting statement,want statement,2.25
web portal,web portal,2.0
weeding,weed,4.0
weeding criteria,weed criterion,4.0
weighting,weight,2.0
whirlwind leaf,whirlwind leaf,3.5
white paper,white paper,1.0
whole number,whole number,1.75
whole-part relationship,whole - part relationship,2.8333333333333335
wholesale bookseller,wholesale bookseller,3.0
withdrawal,withdrawal,4.5
word division,word division,2.5
word-by-word arrangement,word - by - word arrangement,1.5
work,work,1.0
work mark,work mark,1.5
xylographic book,xylographic book,2.0
yearbook,yearbook,3.0
young adult book,young adult book,1.6666666666666667
young adult service,young adult service,2.0
